{
	"info": {
		"_postman_id": "37ea25b3-f8b0-40f1-9071-0bccee868c79",
		"name": "applications",
		"schema": "https://schema.getpostman.com/json/collection/v2.1.0/collection.json"
	},
	"item": [
		{
			"name": "fetch applications",
			"request": {
				"method": "GET",
				"header": [],
				"url": {
					"raw": "http://localhost/api-partiel/applications",
					"protocol": "http",
					"host": [
						"localhost"
					],
					"path": [
						"api-partiel",
						"applications"
					]
				}
			},
			"response": []
		},
		{
			"name": "create applications",
			"request": {
				"method": "POST",
				"header": [],
				"body": {
					"mode": "raw",
					"raw": "{\r\n    \"name\" : \"hzehezhezr\"\r\n}",
					"options": {
						"raw": {
							"language": "json"
						}
					}
				},
				"url": {
					"raw": "http://localhost/api-partiel/applications",
					"protocol": "http",
					"host": [
						"localhost"
					],
					"path": [
						"api-partiel",
						"applications"
					]
				}
			},
			"response": []
		},
		{
			"name": "update applications",
			"request": {
				"method": "PATCH",
				"header": [],
				"body": {
					"mode": "raw",
					"raw": "{\r\n    \"id\" : 3,\r\n    \"name\" : \"yash\"\r\n}",
					"options": {
						"raw": {
							"language": "json"
						}
					}
				},
				"url": {
					"raw": "http://localhost/api-partiel/applications",
					"protocol": "http",
					"host": [
						"localhost"
					],
					"path": [
						"api-partiel",
						"applications"
					]
				}
			},
			"response": []
		},
		{
			"name": "delete applicaitons",
			"request": {
				"method": "DELETE",
				"header": [],
				"body": {
					"mode": "raw",
					"raw": "{\r\n    \"id\" : 1\r\n}",
					"options": {
						"raw": {
							"language": "json"
						}
					}
				},
				"url": {
					"raw": "http://localhost/api-partiel/applications",
					"protocol": "http",
					"host": [
						"localhost"
					],
					"path": [
						"api-partiel",
						"applications"
					]
				}
			},
			"response": []
		}
	]
}