{
	"info": {
		"_postman_id": "bd0368d2-4125-4496-afa3-291e771603eb",
		"name": "users",
		"schema": "https://schema.getpostman.com/json/collection/v2.1.0/collection.json"
	},
	"item": [
		{
			"name": "fetch users",
			"request": {
				"method": "GET",
				"header": [],
				"url": {
					"raw": "http://localhost/api-partiel/users",
					"protocol": "http",
					"host": [
						"localhost"
					],
					"path": [
						"api-partiel",
						"users"
					]
				}
			},
			"response": []
		},
		{
			"name": "create users",
			"request": {
				"method": "POST",
				"header": [],
				"body": {
					"mode": "raw",
					"raw": "{\r\n    \"email\" : \"tett@fazfzafzae.fr\",\r\n    \"password\" : \"fezafze\",\r\n    \"token\" : \"rien\",\r\n    \"role\" : \"rien\"\r\n}",
					"options": {
						"raw": {
							"language": "json"
						}
					}
				},
				"url": {
					"raw": "http://localhost/api-partiel/users",
					"protocol": "http",
					"host": [
						"localhost"
					],
					"path": [
						"api-partiel",
						"users"
					]
				}
			},
			"response": []
		},
		{
			"name": "update users",
			"request": {
				"method": "PATCH",
				"header": [],
				"body": {
					"mode": "raw",
					"raw": "{\r\n    \"id\" : 2,\r\n    \"email\" : \"faux email\"\r\n}",
					"options": {
						"raw": {
							"language": "json"
						}
					}
				},
				"url": {
					"raw": "http://localhost/api-partiel/users",
					"protocol": "http",
					"host": [
						"localhost"
					],
					"path": [
						"api-partiel",
						"users"
					]
				}
			},
			"response": []
		},
		{
			"name": "delete users",
			"request": {
				"method": "DELETE",
				"header": [],
				"body": {
					"mode": "raw",
					"raw": "{\r\n    \"id\" : 1\r\n}",
					"options": {
						"raw": {
							"language": "json"
						}
					}
				},
				"url": {
					"raw": "http://localhost/api-partiel/users",
					"protocol": "http",
					"host": [
						"localhost"
					],
					"path": [
						"api-partiel",
						"users"
					]
				}
			},
			"response": []
		}
	]
}